{"Test Loss": 0.004936713687796145, "Test Accuracy": 0.9454163750874738}