{"Test Loss": 0.004898126874677837, "Test Accuracy": 0.9517144856543037}