{"Test Loss": 0.007192648148536682, "Test Accuracy": 0.9364127174565087}