{"Test Loss": 0.007323270154558122, "Test Accuracy": 0.9316136772645471}