{"Test Loss": 0.014064785599708557, "Test Accuracy": 0.9379124175164967}