{"Test Loss": 0.014077124496549367, "Test Accuracy": 0.9355128974205159}